student_name,test_time,num_games,avg_points,max_points,min_points,grade
Assignmen5_NayanBhatia_AI,0.09990096092224121,100,0.24,2,0,100
Assignmen5_NayanBhatia_AI copy 3,0.08209109306335449,100,0.22,2,0,100
Assignmen5_NayanBhatia_AI copy 6,0.12259912490844727,100,0.25,4,0,100
Assignmen5_NayanBhatia_AI copy 5,0.13982725143432617,100,0.21,2,0,100
Assignmen5_NayanBhatia_AI copy,0.15401911735534668,100,0.23,2,0,100
Assignmen5_NayanBhatia_AI copy 2,0.16933703422546387,100,0.25,3,0,100
Assignmen5_NayanBhatia_AI copy 7,0.22546720504760742,100,0.23,3,0,100
Assignmen5_NayanBhatia_AI copy 4,0.1317460536956787,100,0.17,3,0,100
